Set1.png,1
Set10.png,1
Set11.png,1
Set12.png,1
Set13.png,1
Set14.png,1
Set15.png,1
Set16.png,1
Set17.png,1
Set18.png,1
Set19.png,1
Set2.png,1
Set20.png,1
Set21.png,1
Set22.png,1
Set23.png,1
Set24.png,1
Set25.png,1
Set26.png,1
Set27.png,1
Set28.png,1
Set29.png,1
Set3.png,1
Set30.png,1
Set31.png,1
Set32.png,1
Set33.png,1
Set34.png,1
Set35.png,1
Set36.png,1
Set37.png,1
Set38.png,1
Set39.png,1
Set4.png,1
Set40.png,1
Set41.png,1
Set42.png,1
Set43.png,1
Set44.png,1
Set45.png,1
Set46.png,1
Set47.png,1
Set48.png,1
Set49.png,1
Set5.png,1
Set50.png,1
Set51.png,1
Set52.png,1
Set53.png,1
Set54.png,1
Set55.png,1
Set56.png,1
Set57.png,1
Set58.png,1
Set59.png,1
Set6.png,1
Set60.png,1
Set61.png,1
Set62.png,1
Set63.png,1
Set64.png,1
Set65.png,1
Set66.png,1
Set67.png,1
Set68.png,1
Set69.png,1
Set7.png,1
Set70.png,1
Set8.png,1
Set9.png,1
